{
  "test/integration/FirstJourney.js": 1731089102792,
  "i18n/i18n.properties": 1731089105988,
  "test/integration/pages/CustomersList.js": 1731089102784,
  "test/integration/opaTests.qunit.js": 1731089102780,
  "test/integration/pages/CustomersObjectPage.js": 1731089102784,
  "test/testsuite.qunit.js": 1731089102772,
  "xs-app.json": 1731092112259,
  "manifest.json": 1731092112267,
  "Component.js": 1731089102732,
  "test/integration/opaTests.qunit-dbg.js": 1731089102780,
  "test/integration/opaTests.qunit.js.map": 1731092127510,
  "test/integration/pages/CustomersList-dbg.js": 1731089102784,
  "test/integration/pages/CustomersList.js.map": 1731092127509,
  "test/integration/FirstJourney-dbg.js": 1731089102792,
  "test/integration/FirstJourney.js.map": 1731092127514,
  "test/integration/pages/CustomersObjectPage-dbg.js": 1731089102784,
  "test/integration/pages/CustomersObjectPage.js.map": 1731092127508,
  "test/testsuite.qunit-dbg.js": 1731089102772,
  "test/testsuite.qunit.js.map": 1731092127511,
  "Component-dbg.js": 1731089102732,
  "Component.js.map": 1731092127511,
  "Component-preload.js": 1731092127573,
  "Component-preload.js.map": 1731092127573,
  "test/integration/opaTests.qunit.html": 1731089102780,
  "test/testsuite.qunit.html": 1731089102768,
  "test/flpSandbox.html": 1731089102768,
  "index.html": 1731089102732
}