{
  "Component-dbg.js": 1731088207353,
  "test/integration/pages/PurchasesList.js": 1731088207377,
  "test/integration/pages/PurchasesObjectPage.js": 1731088207377,
  "test/integration/opaTests.qunit.js": 1731088207373,
  "test/integration/FirstJourney.js": 1731088207377,
  "test/testsuite.qunit.js": 1731088207369,
  "xs-app.json": 1731092112259,
  "manifest.json": 1731092112267,
  "Component.js": 1731088207353,
  "test/integration/opaTests.qunit-dbg.js": 1731088207373,
  "test/integration/opaTests.qunit.js.map": 1731092142127,
  "test/integration/pages/PurchasesObjectPage-dbg.js": 1731088207377,
  "test/integration/pages/PurchasesObjectPage.js.map": 1731092142127,
  "test/integration/pages/PurchasesList-dbg.js": 1731088207377,
  "test/integration/pages/PurchasesList.js.map": 1731092142127,
  "test/integration/FirstJourney-dbg.js": 1731088207377,
  "test/integration/FirstJourney.js.map": 1731092142129,
  "test/testsuite.qunit-dbg.js": 1731088207369,
  "test/testsuite.qunit.js.map": 1731092142130,
  "i18n/i18n.properties": 1731088211334,
  "Component.js.map": 1731092142129,
  "Component-preload.js": 1731092142184,
  "Component-preload.js.map": 1731092142184,
  "test/integration/opaTests.qunit.html": 1731088207373,
  "test/testsuite.qunit.html": 1731088207369,
  "test/flpSandbox.html": 1731088207369,
  "index.html": 1731088207357
}