{
  "test/integration/FirstJourney-dbg.js": 1731087789027,
  "Component.js": 1731087789011,
  "test/integration/pages/PurchasesList.js": 1731087789027,
  "test/integration/opaTests.qunit.js": 1731087789023,
  "test/integration/FirstJourney.js": 1731087789027,
  "test/testsuite.qunit.js": 1731087789023,
  "xs-app.json": 1731092112259,
  "manifest.json": 1731092112267,
  "test/integration/pages/PurchasesObjectPage.js": 1731087789027,
  "test/testsuite.qunit-dbg.js": 1731087789023,
  "test/testsuite.qunit.js.map": 1731092134912,
  "test/integration/pages/PurchasesList-dbg.js": 1731087789027,
  "test/integration/pages/PurchasesList.js.map": 1731092134912,
  "test/integration/opaTests.qunit-dbg.js": 1731087789023,
  "test/integration/opaTests.qunit.js.map": 1731092134908,
  "i18n/i18n.properties": 1731087793223,
  "test/integration/FirstJourney.js.map": 1731092134917,
  "Component-dbg.js": 1731087789011,
  "Component.js.map": 1731092134910,
  "test/integration/pages/PurchasesObjectPage-dbg.js": 1731087789027,
  "test/integration/pages/PurchasesObjectPage.js.map": 1731092134911,
  "Component-preload.js": 1731092134976,
  "Component-preload.js.map": 1731092134976,
  "test/integration/opaTests.qunit.html": 1731087789023,
  "test/testsuite.qunit.html": 1731087789023,
  "test/flpSandbox.html": 1731087789023,
  "index.html": 1731087789011
}